participant_id	context_id	url	list_id	fluency	clarity
1	13	list1/c2-a1-h.php	1	5	5
10	13	list1/c2-a1-h.php	1	5	5
13	13	list1/c2-a1-h.php	1	5	5
16	13	list1/c2-a1-h.php	1	5	5
19	13	list1/c2-a1-h.php	1	5	5
22	13	list1/c2-a1-h.php	1	5	5
25	13	list1/c2-a1-h.php	1	4	4
28	13	list1/c2-a1-h.php	1	5	5
31	13	list1/c2-a1-h.php	1	3	3
4	13	list1/c2-a1-h.php	1	5	5
7	13	list1/c2-a1-h.php	1	5	5
1	2	list1/c2-a2-h.php	1	5	5
10	2	list1/c2-a2-h.php	1	4	4
13	2	list1/c2-a2-h.php	1	5	5
16	2	list1/c2-a2-h.php	1	4	4
19	2	list1/c2-a2-h.php	1	5	5
22	2	list1/c2-a2-h.php	1	5	5
25	2	list1/c2-a2-h.php	1	4	4
28	2	list1/c2-a2-h.php	1	1	3
31	2	list1/c2-a2-h.php	1	4	4
4	2	list1/c2-a2-h.php	1	5	5
7	2	list1/c2-a2-h.php	1	5	5
1	9	list1/c2-a3-h.php	1	5	5
10	9	list1/c2-a3-h.php	1	4	5
13	9	list1/c2-a3-h.php	1	5	4
16	9	list1/c2-a3-h.php	1	5	5
19	9	list1/c2-a3-h.php	1	5	5
22	9	list1/c2-a3-h.php	1	4	4
25	9	list1/c2-a3-h.php	1	4	4
28	9	list1/c2-a3-h.php	1	2	4
31	9	list1/c2-a3-h.php	1	3	3
4	9	list1/c2-a3-h.php	1	5	5
7	9	list1/c2-a3-h.php	1	5	5
1	4	list1/c5-a1-h.php	1	4	5
10	4	list1/c5-a1-h.php	1	5	5
13	4	list1/c5-a1-h.php	1	5	5
16	4	list1/c5-a1-h.php	1	3	3
19	4	list1/c5-a1-h.php	1	5	5
22	4	list1/c5-a1-h.php	1	5	5
25	4	list1/c5-a1-h.php	1	3	3
28	4	list1/c5-a1-h.php	1	3	5
31	4	list1/c5-a1-h.php	1	3	3
4	4	list1/c5-a1-h.php	1	5	5
7	4	list1/c5-a1-h.php	1	5	5
1	17	list1/c5-a2-h.php	1	5	5
10	17	list1/c5-a2-h.php	1	5	5
13	17	list1/c5-a2-h.php	1	5	5
16	17	list1/c5-a2-h.php	1	3	2
19	17	list1/c5-a2-h.php	1	5	4
22	17	list1/c5-a2-h.php	1	4	4
25	17	list1/c5-a2-h.php	1	3	3
28	17	list1/c5-a2-h.php	1	2	2
31	17	list1/c5-a2-h.php	1	4	4
4	17	list1/c5-a2-h.php	1	3	3
7	17	list1/c5-a2-h.php	1	5	5
1	12	list1/c5-a3-h.php	1	5	5
10	12	list1/c5-a3-h.php	1	5	5
13	12	list1/c5-a3-h.php	1	5	5
16	12	list1/c5-a3-h.php	1	2	2
19	12	list1/c5-a3-h.php	1	5	5
22	12	list1/c5-a3-h.php	1	4	4
25	12	list1/c5-a3-h.php	1	3	4
28	12	list1/c5-a3-h.php	1	5	5
31	12	list1/c5-a3-h.php	1	5	4
4	12	list1/c5-a3-h.php	1	5	5
7	12	list1/c5-a3-h.php	1	5	5
11	19	list2/c3-a1-h.php	2	4	5
14	19	list2/c3-a1-h.php	2	4	5
17	19	list2/c3-a1-h.php	2	5	5
2	19	list2/c3-a1-h.php	2	5	5
20	19	list2/c3-a1-h.php	2	5	5
26	19	list2/c3-a1-h.php	2	5	5
29	19	list2/c3-a1-h.php	2	5	5
34	19	list2/c3-a1-h.php	2	5	5
5	19	list2/c3-a1-h.php	2	5	5
8	19	list2/c3-a1-h.php	2	4	4
11	26	list2/c3-a2-h.php	2	5	5
14	26	list2/c3-a2-h.php	2	5	5
17	26	list2/c3-a2-h.php	2	5	5
2	26	list2/c3-a2-h.php	2	5	5
20	26	list2/c3-a2-h.php	2	5	5
26	26	list2/c3-a2-h.php	2	5	5
29	26	list2/c3-a2-h.php	2	5	5
34	26	list2/c3-a2-h.php	2	5	5
5	26	list2/c3-a2-h.php	2	5	5
8	26	list2/c3-a2-h.php	2	4	4
11	33	list2/c3-a3-h.php	2	5	5
14	33	list2/c3-a3-h.php	2	5	5
17	33	list2/c3-a3-h.php	2	5	5
2	33	list2/c3-a3-h.php	2	4	5
20	33	list2/c3-a3-h.php	2	5	5
26	33	list2/c3-a3-h.php	2	5	5
29	33	list2/c3-a3-h.php	2	5	5
34	33	list2/c3-a3-h.php	2	5	5
5	33	list2/c3-a3-h.php	2	5	5
8	33	list2/c3-a3-h.php	2	4	4
11	22	list2/c6-a1-h.php	2	4	5
14	22	list2/c6-a1-h.php	2	5	5
17	22	list2/c6-a1-h.php	2	4	5
2	22	list2/c6-a1-h.php	2	5	5
20	22	list2/c6-a1-h.php	2	5	5
26	22	list2/c6-a1-h.php	2	5	5
29	22	list2/c6-a1-h.php	2	5	5
34	22	list2/c6-a1-h.php	2	5	5
5	22	list2/c6-a1-h.php	2	5	5
8	22	list2/c6-a1-h.php	2	4	4
11	29	list2/c6-a2-h.php	2	5	5
14	29	list2/c6-a2-h.php	2	5	5
17	29	list2/c6-a2-h.php	2	5	5
2	29	list2/c6-a2-h.php	2	4	3
20	29	list2/c6-a2-h.php	2	5	5
26	29	list2/c6-a2-h.php	2	5	5
29	29	list2/c6-a2-h.php	2	5	5
34	29	list2/c6-a2-h.php	2	3	5
5	29	list2/c6-a2-h.php	2	5	5
8	29	list2/c6-a2-h.php	2	5	5
11	36	list2/c6-a3-h.php	2	5	5
14	36	list2/c6-a3-h.php	2	5	5
17	36	list2/c6-a3-h.php	2	5	5
2	36	list2/c6-a3-h.php	2	5	5
20	36	list2/c6-a3-h.php	2	5	5
26	36	list2/c6-a3-h.php	2	3	3
29	36	list2/c6-a3-h.php	2	5	5
34	36	list2/c6-a3-h.php	2	5	5
5	36	list2/c6-a3-h.php	2	5	5
8	36	list2/c6-a3-h.php	2	5	5
12	43	list3/c1-a1-h.php	3	5	5
15	43	list3/c1-a1-h.php	3	5	5
18	43	list3/c1-a1-h.php	3	4	5
21	43	list3/c1-a1-h.php	3	5	5
24	43	list3/c1-a1-h.php	3	5	4
27	43	list3/c1-a1-h.php	3	5	5
3	43	list3/c1-a1-h.php	3	5	5
30	43	list3/c1-a1-h.php	3	5	5
33	43	list3/c1-a1-h.php	3	5	4
6	43	list3/c1-a1-h.php	3	5	3
9	43	list3/c1-a1-h.php	3	5	5
12	50	list3/c1-a2-h.php	3	5	5
15	50	list3/c1-a2-h.php	3	4	2
18	50	list3/c1-a2-h.php	3	5	5
21	50	list3/c1-a2-h.php	3	5	4
24	50	list3/c1-a2-h.php	3	5	5
27	50	list3/c1-a2-h.php	3	5	5
3	50	list3/c1-a2-h.php	3	5	2
30	50	list3/c1-a2-h.php	3	5	5
33	50	list3/c1-a2-h.php	3	5	5
6	50	list3/c1-a2-h.php	3	5	5
9	50	list3/c1-a2-h.php	3	5	5
12	39	list3/c1-a3-h.php	3	5	5
15	39	list3/c1-a3-h.php	3	5	5
18	39	list3/c1-a3-h.php	3	5	5
21	39	list3/c1-a3-h.php	3	5	4
24	39	list3/c1-a3-h.php	3	4	4
27	39	list3/c1-a3-h.php	3	5	4
3	39	list3/c1-a3-h.php	3	5	4
30	39	list3/c1-a3-h.php	3	5	5
33	39	list3/c1-a3-h.php	3	4	4
6	39	list3/c1-a3-h.php	3	5	5
9	39	list3/c1-a3-h.php	3	5	5
12	40	list3/c4-a1-h.php	3	5	5
15	40	list3/c4-a1-h.php	3	5	5
18	40	list3/c4-a1-h.php	3	4	4
21	40	list3/c4-a1-h.php	3	3	4
24	40	list3/c4-a1-h.php	3	5	5
27	40	list3/c4-a1-h.php	3	5	5
3	40	list3/c4-a1-h.php	3	5	5
30	40	list3/c4-a1-h.php	3	5	5
33	40	list3/c4-a1-h.php	3	5	5
6	40	list3/c4-a1-h.php	3	4	5
9	40	list3/c4-a1-h.php	3	4	5
12	47	list3/c4-a2-h.php	3	5	5
15	47	list3/c4-a2-h.php	3	4	4
18	47	list3/c4-a2-h.php	3	5	5
21	47	list3/c4-a2-h.php	3	3	4
24	47	list3/c4-a2-h.php	3	4	4
27	47	list3/c4-a2-h.php	3	3	3
3	47	list3/c4-a2-h.php	3	5	5
30	47	list3/c4-a2-h.php	3	5	5
33	47	list3/c4-a2-h.php	3	5	5
6	47	list3/c4-a2-h.php	3	5	5
9	47	list3/c4-a2-h.php	3	5	5
12	54	list3/c4-a3-h.php	3	5	5
15	54	list3/c4-a3-h.php	3	5	5
18	54	list3/c4-a3-h.php	3	5	5
21	54	list3/c4-a3-h.php	3	4	4
24	54	list3/c4-a3-h.php	3	4	5
27	54	list3/c4-a3-h.php	3	5	5
3	54	list3/c4-a3-h.php	3	5	5
30	54	list3/c4-a3-h.php	3	5	5
33	54	list3/c4-a3-h.php	3	5	5
6	54	list3/c4-a3-h.php	3	5	5
9	54	list3/c4-a3-h.php	3	5	5