Fluência	baseline		model		human			Clarity	baseline		model		human			
list1/c1-a1-b.php	3	list2/c1-a1-m.php	3	list3/c1-a1-h.php	5			list1/c1-a1-b.php	2	list2/c1-a1-m.php	4	list3/c1-a1-h.php	5			
list1/c1-a1-b.php	2	list2/c1-a1-m.php	4	list3/c1-a1-h.php	5			list1/c1-a1-b.php	4	list2/c1-a1-m.php	5	list3/c1-a1-h.php	5			
list1/c1-a1-b.php	2	list2/c1-a1-m.php	3	list3/c1-a1-h.php	4			list1/c1-a1-b.php	3	list2/c1-a1-m.php	3	list3/c1-a1-h.php	5			
list1/c1-a1-b.php	2	list2/c1-a1-m.php	4	list3/c1-a1-h.php	5			list1/c1-a1-b.php	2	list2/c1-a1-m.php	5	list3/c1-a1-h.php	5			
list1/c1-a1-b.php	3	list2/c1-a1-m.php	4	list3/c1-a1-h.php	5			list1/c1-a1-b.php	3	list2/c1-a1-m.php	4	list3/c1-a1-h.php	4			
list1/c1-a1-b.php	2	list2/c1-a1-m.php	3	list3/c1-a1-h.php	5			list1/c1-a1-b.php	3	list2/c1-a1-m.php	3	list3/c1-a1-h.php	5			
list1/c1-a1-b.php	3	list2/c1-a1-m.php	5	list3/c1-a1-h.php	5			list1/c1-a1-b.php	2	list2/c1-a1-m.php	5	list3/c1-a1-h.php	5			
list1/c1-a1-b.php	3	list2/c1-a1-m.php	5	list3/c1-a1-h.php	5			list1/c1-a1-b.php	1	list2/c1-a1-m.php	5	list3/c1-a1-h.php	5			
list1/c1-a1-b.php	2	list2/c1-a1-m.php	4	list3/c1-a1-h.php	5			list1/c1-a1-b.php	3	list2/c1-a1-m.php	4	list3/c1-a1-h.php	4			
list1/c1-a1-b.php	2	list2/c1-a1-m.php	4	list3/c1-a1-h.php	5			list1/c1-a1-b.php	2	list2/c1-a1-m.php	4	list3/c1-a1-h.php	3			
list1/c1-a2-b.php	2	list2/c1-a2-m.php	4	list3/c1-a2-h.php	5			list1/c1-a2-b.php	4	list2/c1-a2-m.php	4	list3/c1-a2-h.php	5			
list1/c1-a2-b.php	2	list2/c1-a2-m.php	3	list3/c1-a2-h.php	4			list1/c1-a2-b.php	2	list2/c1-a2-m.php	3	list3/c1-a2-h.php	2			
list1/c1-a2-b.php	1	list2/c1-a2-m.php	3	list3/c1-a2-h.php	5			list1/c1-a2-b.php	2	list2/c1-a2-m.php	3	list3/c1-a2-h.php	5			
list1/c1-a2-b.php	2	list2/c1-a2-m.php	4	list3/c1-a2-h.php	5			list1/c1-a2-b.php	2	list2/c1-a2-m.php	4	list3/c1-a2-h.php	4			
list1/c1-a2-b.php	1	list2/c1-a2-m.php	3	list3/c1-a2-h.php	5			list1/c1-a2-b.php	2	list2/c1-a2-m.php	3	list3/c1-a2-h.php	5			
list1/c1-a2-b.php	2	list2/c1-a2-m.php	5	list3/c1-a2-h.php	5			list1/c1-a2-b.php	1	list2/c1-a2-m.php	5	list3/c1-a2-h.php	5			
list1/c1-a2-b.php	1	list2/c1-a2-m.php	4	list3/c1-a2-h.php	5			list1/c1-a2-b.php	2	list2/c1-a2-m.php	4	list3/c1-a2-h.php	2			
list1/c1-a2-b.php	2	list2/c1-a2-m.php	5	list3/c1-a2-h.php	5			list1/c1-a2-b.php	1	list2/c1-a2-m.php	4	list3/c1-a2-h.php	5			
list1/c1-a2-b.php	3	list2/c1-a2-m.php	4	list3/c1-a2-h.php	5			list1/c1-a2-b.php	3	list2/c1-a2-m.php	4	list3/c1-a2-h.php	5			
list1/c1-a2-b.php	2	list2/c1-a2-m.php	4	list3/c1-a2-h.php	5			list1/c1-a2-b.php	2	list2/c1-a2-m.php	5	list3/c1-a2-h.php	5			
list1/c1-a3-b.php	3	list2/c1-a3-m.php	5	list3/c1-a3-h.php	5			list1/c1-a3-b.php	3	list2/c1-a3-m.php	5	list3/c1-a3-h.php	5			
list1/c1-a3-b.php	2	list2/c1-a3-m.php	5	list3/c1-a3-h.php	5			list1/c1-a3-b.php	3	list2/c1-a3-m.php	5	list3/c1-a3-h.php	5			
list1/c1-a3-b.php	1	list2/c1-a3-m.php	3	list3/c1-a3-h.php	5			list1/c1-a3-b.php	1	list2/c1-a3-m.php	3	list3/c1-a3-h.php	5			
list1/c1-a3-b.php	1	list2/c1-a3-m.php	4	list3/c1-a3-h.php	5			list1/c1-a3-b.php	3	list2/c1-a3-m.php	4	list3/c1-a3-h.php	4			
list1/c1-a3-b.php	2	list2/c1-a3-m.php	5	list3/c1-a3-h.php	5			list1/c1-a3-b.php	2	list2/c1-a3-m.php	5	list3/c1-a3-h.php	4			
list1/c1-a3-b.php	2	list2/c1-a3-m.php	5	list3/c1-a3-h.php	5			list1/c1-a3-b.php	2	list2/c1-a3-m.php	5	list3/c1-a3-h.php	4			
list1/c1-a3-b.php	2	list2/c1-a3-m.php	5	list3/c1-a3-h.php	5			list1/c1-a3-b.php	2	list2/c1-a3-m.php	5	list3/c1-a3-h.php	4			
list1/c1-a3-b.php	2	list2/c1-a3-m.php	5	list3/c1-a3-h.php	5			list1/c1-a3-b.php	1	list2/c1-a3-m.php	5	list3/c1-a3-h.php	5			
list1/c1-a3-b.php	1	list2/c1-a3-m.php	4	list3/c1-a3-h.php	4			list1/c1-a3-b.php	1	list2/c1-a3-m.php	4	list3/c1-a3-h.php	4			
list1/c1-a3-b.php	3	list2/c1-a3-m.php	5	list3/c1-a3-h.php	5			list1/c1-a3-b.php	4	list2/c1-a3-m.php	5	list3/c1-a3-h.php	5			
list2/c2-a1-b.php	3	list3/c2-a1-m.php	5	list1/c2-a1-h.php	5			list2/c2-a1-b.php	3	list3/c2-a1-m.php	5	list1/c2-a1-h.php	5			
list2/c2-a1-b.php	2	list3/c2-a1-m.php	4	list1/c2-a1-h.php	5			list2/c2-a1-b.php	2	list3/c2-a1-m.php	4	list1/c2-a1-h.php	5			
list2/c2-a1-b.php	1	list3/c2-a1-m.php	4	list1/c2-a1-h.php	5			list2/c2-a1-b.php	3	list3/c2-a1-m.php	4	list1/c2-a1-h.php	5			
list2/c2-a1-b.php	2	list3/c2-a1-m.php	4	list1/c2-a1-h.php	5			list2/c2-a1-b.php	4	list3/c2-a1-m.php	4	list1/c2-a1-h.php	5			
list2/c2-a1-b.php	1	list3/c2-a1-m.php	4	list1/c2-a1-h.php	5			list2/c2-a1-b.php	4	list3/c2-a1-m.php	5	list1/c2-a1-h.php	5			
list2/c2-a1-b.php	3	list3/c2-a1-m.php	5	list1/c2-a1-h.php	5			list2/c2-a1-b.php	3	list3/c2-a1-m.php	5	list1/c2-a1-h.php	5			
list2/c2-a1-b.php	4	list3/c2-a1-m.php	5	list1/c2-a1-h.php	4			list2/c2-a1-b.php	4	list3/c2-a1-m.php	5	list1/c2-a1-h.php	4			
list2/c2-a1-b.php	4	list3/c2-a1-m.php	5	list1/c2-a1-h.php	5			list2/c2-a1-b.php	4	list3/c2-a1-m.php	5	list1/c2-a1-h.php	5			
list2/c2-a1-b.php	2	list3/c2-a1-m.php	4	list1/c2-a1-h.php	3			list2/c2-a1-b.php	2	list3/c2-a1-m.php	4	list1/c2-a1-h.php	3			
list2/c2-a1-b.php	4	list3/c2-a1-m.php	5	list1/c2-a1-h.php	5			list2/c2-a1-b.php	4	list3/c2-a1-m.php	5	list1/c2-a1-h.php	5			
list2/c2-a2-b.php	1	list3/c2-a2-m.php	4	list1/c2-a2-h.php	5			list2/c2-a2-b.php	3	list3/c2-a2-m.php	4	list1/c2-a2-h.php	5			
list2/c2-a2-b.php	2	list3/c2-a2-m.php	5	list1/c2-a2-h.php	4			list2/c2-a2-b.php	2	list3/c2-a2-m.php	5	list1/c2-a2-h.php	4			
list2/c2-a2-b.php	1	list3/c2-a2-m.php	5	list1/c2-a2-h.php	5			list2/c2-a2-b.php	2	list3/c2-a2-m.php	5	list1/c2-a2-h.php	5			
list2/c2-a2-b.php	2	list3/c2-a2-m.php	4	list1/c2-a2-h.php	4			list2/c2-a2-b.php	3	list3/c2-a2-m.php	4	list1/c2-a2-h.php	4			
list2/c2-a2-b.php	3	list3/c2-a2-m.php	4	list1/c2-a2-h.php	5			list2/c2-a2-b.php	4	list3/c2-a2-m.php	5	list1/c2-a2-h.php	5			
list2/c2-a2-b.php	2	list3/c2-a2-m.php	4	list1/c2-a2-h.php	5			list2/c2-a2-b.php	2	list3/c2-a2-m.php	5	list1/c2-a2-h.php	5			
list2/c2-a2-b.php	4	list3/c2-a2-m.php	4	list1/c2-a2-h.php	4			list2/c2-a2-b.php	4	list3/c2-a2-m.php	5	list1/c2-a2-h.php	4			
list2/c2-a2-b.php	4	list3/c2-a2-m.php	5	list1/c2-a2-h.php	1			list2/c2-a2-b.php	4	list3/c2-a2-m.php	5	list1/c2-a2-h.php	3			
list2/c2-a2-b.php	3	list3/c2-a2-m.php	5	list1/c2-a2-h.php	4			list2/c2-a2-b.php	3	list3/c2-a2-m.php	5	list1/c2-a2-h.php	4			
list2/c2-a2-b.php	5	list3/c2-a2-m.php	5	list1/c2-a2-h.php	5			list2/c2-a2-b.php	5	list3/c2-a2-m.php	4	list1/c2-a2-h.php	5			
list2/c2-a3-b.php	1	list3/c2-a3-m.php	5	list1/c2-a3-h.php	5			list2/c2-a3-b.php	2	list3/c2-a3-m.php	5	list1/c2-a3-h.php	5			
list2/c2-a3-b.php	2	list3/c2-a3-m.php	5	list1/c2-a3-h.php	4			list2/c2-a3-b.php	2	list3/c2-a3-m.php	5	list1/c2-a3-h.php	5			
list2/c2-a3-b.php	2	list3/c2-a3-m.php	5	list1/c2-a3-h.php	5			list2/c2-a3-b.php	2	list3/c2-a3-m.php	5	list1/c2-a3-h.php	4			
list2/c2-a3-b.php	3	list3/c2-a3-m.php	5	list1/c2-a3-h.php	5			list2/c2-a3-b.php	4	list3/c2-a3-m.php	5	list1/c2-a3-h.php	5			
list2/c2-a3-b.php	2	list3/c2-a3-m.php	5	list1/c2-a3-h.php	5			list2/c2-a3-b.php	1	list3/c2-a3-m.php	5	list1/c2-a3-h.php	5			
list2/c2-a3-b.php	2	list3/c2-a3-m.php	5	list1/c2-a3-h.php	4			list2/c2-a3-b.php	1	list3/c2-a3-m.php	5	list1/c2-a3-h.php	4			
list2/c2-a3-b.php	3	list3/c2-a3-m.php	5	list1/c2-a3-h.php	4			list2/c2-a3-b.php	3	list3/c2-a3-m.php	5	list1/c2-a3-h.php	4			
list2/c2-a3-b.php	3	list3/c2-a3-m.php	5	list1/c2-a3-h.php	2			list2/c2-a3-b.php	3	list3/c2-a3-m.php	5	list1/c2-a3-h.php	4			
list2/c2-a3-b.php	2	list3/c2-a3-m.php	5	list1/c2-a3-h.php	3			list2/c2-a3-b.php	2	list3/c2-a3-m.php	5	list1/c2-a3-h.php	3			
list2/c2-a3-b.php	4	list3/c2-a3-m.php	5	list1/c2-a3-h.php	5			list2/c2-a3-b.php	4	list3/c2-a3-m.php	5	list1/c2-a3-h.php	5			
list3/c3-a1-b.php	4	list1/c3-a1-m.php	3	list2/c3-a1-h.php	4			list3/c3-a1-b.php	4	list1/c3-a1-m.php	4	list2/c3-a1-h.php	5			
list3/c3-a1-b.php	2	list1/c3-a1-m.php	4	list2/c3-a1-h.php	4			list3/c3-a1-b.php	4	list1/c3-a1-m.php	4	list2/c3-a1-h.php	5			
list3/c3-a1-b.php	1	list1/c3-a1-m.php	4	list2/c3-a1-h.php	5			list3/c3-a1-b.php	1	list1/c3-a1-m.php	5	list2/c3-a1-h.php	5			
list3/c3-a1-b.php	2	list1/c3-a1-m.php	5	list2/c3-a1-h.php	5			list3/c3-a1-b.php	2	list1/c3-a1-m.php	2	list2/c3-a1-h.php	5			
list3/c3-a1-b.php	3	list1/c3-a1-m.php	4	list2/c3-a1-h.php	5			list3/c3-a1-b.php	3	list1/c3-a1-m.php	4	list2/c3-a1-h.php	5			
list3/c3-a1-b.php	2	list1/c3-a1-m.php	3	list2/c3-a1-h.php	5			list3/c3-a1-b.php	2	list1/c3-a1-m.php	4	list2/c3-a1-h.php	5			
list3/c3-a1-b.php	1	list1/c3-a1-m.php	3	list2/c3-a1-h.php	5			list3/c3-a1-b.php	1	list1/c3-a1-m.php	5	list2/c3-a1-h.php	5			
list3/c3-a1-b.php	4	list1/c3-a1-m.php	5	list2/c3-a1-h.php	5			list3/c3-a1-b.php	4	list1/c3-a1-m.php	5	list2/c3-a1-h.php	5			
list3/c3-a1-b.php	5	list1/c3-a1-m.php	5	list2/c3-a1-h.php	5			list3/c3-a1-b.php	5	list1/c3-a1-m.php	5	list2/c3-a1-h.php	5			
list3/c3-a1-b.php	2	list1/c3-a1-m.php	4	list2/c3-a1-h.php	4			list3/c3-a1-b.php	3	list1/c3-a1-m.php	4	list2/c3-a1-h.php	4			
list3/c3-a2-b.php	4	list1/c3-a2-m.php	5	list2/c3-a2-h.php	5			list3/c3-a2-b.php	4	list1/c3-a2-m.php	5	list2/c3-a2-h.php	5			
list3/c3-a2-b.php	4	list1/c3-a2-m.php	4	list2/c3-a2-h.php	5			list3/c3-a2-b.php	4	list1/c3-a2-m.php	3	list2/c3-a2-h.php	5			
list3/c3-a2-b.php	2	list1/c3-a2-m.php	3	list2/c3-a2-h.php	5			list3/c3-a2-b.php	2	list1/c3-a2-m.php	3	list2/c3-a2-h.php	5			
list3/c3-a2-b.php	2	list1/c3-a2-m.php	2	list2/c3-a2-h.php	5			list3/c3-a2-b.php	2	list1/c3-a2-m.php	2	list2/c3-a2-h.php	5			
list3/c3-a2-b.php	3	list1/c3-a2-m.php	4	list2/c3-a2-h.php	5			list3/c3-a2-b.php	3	list1/c3-a2-m.php	4	list2/c3-a2-h.php	5			
list3/c3-a2-b.php	2	list1/c3-a2-m.php	4	list2/c3-a2-h.php	5			list3/c3-a2-b.php	1	list1/c3-a2-m.php	3	list2/c3-a2-h.php	5			
list3/c3-a2-b.php	1	list1/c3-a2-m.php	4	list2/c3-a2-h.php	5			list3/c3-a2-b.php	1	list1/c3-a2-m.php	3	list2/c3-a2-h.php	5			
list3/c3-a2-b.php	4	list1/c3-a2-m.php	2	list2/c3-a2-h.php	5			list3/c3-a2-b.php	4	list1/c3-a2-m.php	5	list2/c3-a2-h.php	5			
list3/c3-a2-b.php	4	list1/c3-a2-m.php	5	list2/c3-a2-h.php	5			list3/c3-a2-b.php	4	list1/c3-a2-m.php	5	list2/c3-a2-h.php	5			
list3/c3-a2-b.php	2	list1/c3-a2-m.php	4	list2/c3-a2-h.php	4			list3/c3-a2-b.php	2	list1/c3-a2-m.php	4	list2/c3-a2-h.php	4			
list3/c3-a3-b.php	3	list1/c3-a3-m.php	3	list2/c3-a3-h.php	5			list3/c3-a3-b.php	3	list1/c3-a3-m.php	4	list2/c3-a3-h.php	5			
list3/c3-a3-b.php	2	list1/c3-a3-m.php	4	list2/c3-a3-h.php	5			list3/c3-a3-b.php	4	list1/c3-a3-m.php	4	list2/c3-a3-h.php	5			
list3/c3-a3-b.php	2	list1/c3-a3-m.php	4	list2/c3-a3-h.php	5			list3/c3-a3-b.php	2	list1/c3-a3-m.php	5	list2/c3-a3-h.php	5			
list3/c3-a3-b.php	2	list1/c3-a3-m.php	4	list2/c3-a3-h.php	4			list3/c3-a3-b.php	2	list1/c3-a3-m.php	4	list2/c3-a3-h.php	5			
list3/c3-a3-b.php	2	list1/c3-a3-m.php	4	list2/c3-a3-h.php	5			list3/c3-a3-b.php	3	list1/c3-a3-m.php	4	list2/c3-a3-h.php	5			
list3/c3-a3-b.php	2	list1/c3-a3-m.php	4	list2/c3-a3-h.php	5			list3/c3-a3-b.php	2	list1/c3-a3-m.php	4	list2/c3-a3-h.php	5			
list3/c3-a3-b.php	1	list1/c3-a3-m.php	4	list2/c3-a3-h.php	5			list3/c3-a3-b.php	1	list1/c3-a3-m.php	4	list2/c3-a3-h.php	5			
list3/c3-a3-b.php	2	list1/c3-a3-m.php	4	list2/c3-a3-h.php	5			list3/c3-a3-b.php	5	list1/c3-a3-m.php	3	list2/c3-a3-h.php	5			
list3/c3-a3-b.php	4	list1/c3-a3-m.php	5	list2/c3-a3-h.php	5			list3/c3-a3-b.php	4	list1/c3-a3-m.php	4	list2/c3-a3-h.php	5			
list3/c3-a3-b.php	5	list1/c3-a3-m.php	4	list2/c3-a3-h.php	4			list3/c3-a3-b.php	2	list1/c3-a3-m.php	4	list2/c3-a3-h.php	4			
list1/c4-a1-b.php	3	list2/c4-a1-m.php	3	list3/c4-a1-h.php	5			list1/c4-a1-b.php	3	list2/c4-a1-m.php	4	list3/c4-a1-h.php	5			
list1/c4-a1-b.php	2	list2/c4-a1-m.php	4	list3/c4-a1-h.php	5			list1/c4-a1-b.php	1	list2/c4-a1-m.php	5	list3/c4-a1-h.php	5			
list1/c4-a1-b.php	1	list2/c4-a1-m.php	3	list3/c4-a1-h.php	4			list1/c4-a1-b.php	1	list2/c4-a1-m.php	3	list3/c4-a1-h.php	4			
list1/c4-a1-b.php	2	list2/c4-a1-m.php	2	list3/c4-a1-h.php	3			list1/c4-a1-b.php	2	list2/c4-a1-m.php	3	list3/c4-a1-h.php	4			
list1/c4-a1-b.php	2	list2/c4-a1-m.php	3	list3/c4-a1-h.php	5			list1/c4-a1-b.php	2	list2/c4-a1-m.php	4	list3/c4-a1-h.php	5			
list1/c4-a1-b.php	2	list2/c4-a1-m.php	5	list3/c4-a1-h.php	5			list1/c4-a1-b.php	2	list2/c4-a1-m.php	5	list3/c4-a1-h.php	5			
list1/c4-a1-b.php	3	list2/c4-a1-m.php	5	list3/c4-a1-h.php	5			list1/c4-a1-b.php	2	list2/c4-a1-m.php	5	list3/c4-a1-h.php	5			
list1/c4-a1-b.php	2	list2/c4-a1-m.php	3	list3/c4-a1-h.php	5			list1/c4-a1-b.php	2	list2/c4-a1-m.php	4	list3/c4-a1-h.php	5			
list1/c4-a1-b.php	2	list2/c4-a1-m.php	3	list3/c4-a1-h.php	4			list1/c4-a1-b.php	5	list2/c4-a1-m.php	3	list3/c4-a1-h.php	5			
list1/c4-a1-b.php	1	list2/c4-a1-m.php	4	list3/c4-a1-h.php	4			list1/c4-a1-b.php	1	list2/c4-a1-m.php	4	list3/c4-a1-h.php	5			
list1/c4-a2-b.php	3	list2/c4-a2-m.php	4	list3/c4-a2-h.php	5			list1/c4-a2-b.php	4	list2/c4-a2-m.php	4	list3/c4-a2-h.php	5			
list1/c4-a2-b.php	3	list2/c4-a2-m.php	2	list3/c4-a2-h.php	4			list1/c4-a2-b.php	3	list2/c4-a2-m.php	2	list3/c4-a2-h.php	4			
list1/c4-a2-b.php	1	list2/c4-a2-m.php	2	list3/c4-a2-h.php	5			list1/c4-a2-b.php	1	list2/c4-a2-m.php	2	list3/c4-a2-h.php	5			
list1/c4-a2-b.php	1	list2/c4-a2-m.php	3	list3/c4-a2-h.php	3			list1/c4-a2-b.php	1	list2/c4-a2-m.php	4	list3/c4-a2-h.php	4			
list1/c4-a2-b.php	2	list2/c4-a2-m.php	3	list3/c4-a2-h.php	4			list1/c4-a2-b.php	1	list2/c4-a2-m.php	3	list3/c4-a2-h.php	4			
list1/c4-a2-b.php	2	list2/c4-a2-m.php	4	list3/c4-a2-h.php	3			list1/c4-a2-b.php	2	list2/c4-a2-m.php	4	list3/c4-a2-h.php	3			
list1/c4-a2-b.php	2	list2/c4-a2-m.php	5	list3/c4-a2-h.php	5			list1/c4-a2-b.php	3	list2/c4-a2-m.php	5	list3/c4-a2-h.php	5			
list1/c4-a2-b.php	1	list2/c4-a2-m.php	4	list3/c4-a2-h.php	5			list1/c4-a2-b.php	3	list2/c4-a2-m.php	4	list3/c4-a2-h.php	5			
list1/c4-a2-b.php	3	list2/c4-a2-m.php	3	list3/c4-a2-h.php	5			list1/c4-a2-b.php	3	list2/c4-a2-m.php	3	list3/c4-a2-h.php	5			
list1/c4-a2-b.php	2	list2/c4-a2-m.php	4	list3/c4-a2-h.php	5			list1/c4-a2-b.php	1	list2/c4-a2-m.php	4	list3/c4-a2-h.php	5			
list1/c4-a3-b.php	2	list2/c4-a3-m.php	3	list3/c4-a2-h.php	5			list1/c4-a3-b.php	3	list2/c4-a3-m.php	4	list3/c4-a2-h.php	5			
list1/c4-a3-b.php	1	list2/c4-a3-m.php	4	list3/c4-a3-h.php	5			list1/c4-a3-b.php	2	list2/c4-a3-m.php	5	list3/c4-a3-h.php	5			
list1/c4-a3-b.php	1	list2/c4-a3-m.php	3	list3/c4-a3-h.php	5			list1/c4-a3-b.php	1	list2/c4-a3-m.php	3	list3/c4-a3-h.php	5			
list1/c4-a3-b.php	2	list2/c4-a3-m.php	3	list3/c4-a3-h.php	4			list1/c4-a3-b.php	4	list2/c4-a3-m.php	3	list3/c4-a3-h.php	4			
list1/c4-a3-b.php	2	list2/c4-a3-m.php	4	list3/c4-a3-h.php	4			list1/c4-a3-b.php	2	list2/c4-a3-m.php	5	list3/c4-a3-h.php	5			
list1/c4-a3-b.php	2	list2/c4-a3-m.php	5	list3/c4-a3-h.php	5			list1/c4-a3-b.php	2	list2/c4-a3-m.php	5	list3/c4-a3-h.php	5			
list1/c4-a3-b.php	2	list2/c4-a3-m.php	4	list3/c4-a3-h.php	5			list1/c4-a3-b.php	2	list2/c4-a3-m.php	5	list3/c4-a3-h.php	5			
list1/c4-a3-b.php	2	list2/c4-a3-m.php	3	list3/c4-a3-h.php	5			list1/c4-a3-b.php	2	list2/c4-a3-m.php	4	list3/c4-a3-h.php	5			
list1/c4-a3-b.php	3	list2/c4-a3-m.php	3	list3/c4-a3-h.php	5			list1/c4-a3-b.php	3	list2/c4-a3-m.php	3	list3/c4-a3-h.php	5			
list1/c4-a3-b.php	1	list2/c4-a3-m.php	5	list3/c4-a3-h.php	5			list1/c4-a3-b.php	2	list2/c4-a3-m.php	5	list3/c4-a3-h.php	5			
list2/c5-a1-b.php	1	list3/c5-a1-m.php	5	list1/c5-a1-h.php	4			list2/c5-a1-b.php	1	list3/c5-a1-m.php	5	list1/c5-a1-h.php	5			
list2/c5-a1-b.php	1	list3/c5-a1-m.php	4	list1/c5-a1-h.php	5			list2/c5-a1-b.php	1	list3/c5-a1-m.php	5	list1/c5-a1-h.php	5			
list2/c5-a1-b.php	1	list3/c5-a1-m.php	4	list1/c5-a1-h.php	5			list2/c5-a1-b.php	2	list3/c5-a1-m.php	5	list1/c5-a1-h.php	5			
list2/c5-a1-b.php	2	list3/c5-a1-m.php	2	list1/c5-a1-h.php	3			list2/c5-a1-b.php	3	list3/c5-a1-m.php	2	list1/c5-a1-h.php	3			
list2/c5-a1-b.php	3	list3/c5-a1-m.php	3	list1/c5-a1-h.php	5			list2/c5-a1-b.php	4	list3/c5-a1-m.php	4	list1/c5-a1-h.php	5			
list2/c5-a1-b.php	1	list3/c5-a1-m.php	4	list1/c5-a1-h.php	5			list2/c5-a1-b.php	1	list3/c5-a1-m.php	4	list1/c5-a1-h.php	5			
list2/c5-a1-b.php	5	list3/c5-a1-m.php	4	list1/c5-a1-h.php	3			list2/c5-a1-b.php	5	list3/c5-a1-m.php	5	list1/c5-a1-h.php	3			
list2/c5-a1-b.php	3	list3/c5-a1-m.php	5	list1/c5-a1-h.php	3			list2/c5-a1-b.php	4	list3/c5-a1-m.php	5	list1/c5-a1-h.php	5			
list2/c5-a1-b.php	2	list3/c5-a1-m.php	5	list1/c5-a1-h.php	3			list2/c5-a1-b.php	2	list3/c5-a1-m.php	5	list1/c5-a1-h.php	3			
list2/c5-a1-b.php	4	list3/c5-a1-m.php	5	list1/c5-a1-h.php	5			list2/c5-a1-b.php	4	list3/c5-a1-m.php	5	list1/c5-a1-h.php	5			
list2/c5-a2-b.php	1	list3/c5-a2-m.php	4	list1/c5-a2-h.php	5			list2/c5-a2-b.php	2	list3/c5-a2-m.php	4	list1/c5-a2-h.php	5			
list2/c5-a2-b.php	2	list3/c5-a2-m.php	4	list1/c5-a2-h.php	5			list2/c5-a2-b.php	2	list3/c5-a2-m.php	4	list1/c5-a2-h.php	5			
list2/c5-a2-b.php	1	list3/c5-a2-m.php	4	list1/c5-a2-h.php	5			list2/c5-a2-b.php	2	list3/c5-a2-m.php	4	list1/c5-a2-h.php	5			
list2/c5-a2-b.php	3	list3/c5-a2-m.php	4	list1/c5-a2-h.php	3			list2/c5-a2-b.php	3	list3/c5-a2-m.php	4	list1/c5-a2-h.php	2			
list2/c5-a2-b.php	3	list3/c5-a2-m.php	5	list1/c5-a2-h.php	5			list2/c5-a2-b.php	2	list3/c5-a2-m.php	5	list1/c5-a2-h.php	4			
list2/c5-a2-b.php	1	list3/c5-a2-m.php	4	list1/c5-a2-h.php	4			list2/c5-a2-b.php	1	list3/c5-a2-m.php	4	list1/c5-a2-h.php	4			
list2/c5-a2-b.php	3	list3/c5-a2-m.php	5	list1/c5-a2-h.php	3			list2/c5-a2-b.php	3	list3/c5-a2-m.php	5	list1/c5-a2-h.php	3			
list2/c5-a2-b.php	2	list3/c5-a2-m.php	5	list1/c5-a2-h.php	2			list2/c5-a2-b.php	3	list3/c5-a2-m.php	5	list1/c5-a2-h.php	2			
list2/c5-a2-b.php	2	list3/c5-a2-m.php	5	list1/c5-a2-h.php	4			list2/c5-a2-b.php	2	list3/c5-a2-m.php	5	list1/c5-a2-h.php	4			
list2/c5-a2-b.php	4	list3/c5-a2-m.php	5	list1/c5-a2-h.php	3			list2/c5-a2-b.php	4	list3/c5-a2-m.php	5	list1/c5-a2-h.php	3			
list2/c5-a3-b.php	1	list3/c5-a3-m.php	3	list1/c5-a3-h.php	5			list2/c5-a3-b.php	1	list3/c5-a3-m.php	4	list1/c5-a3-h.php	5			
list2/c5-a3-b.php	2	list3/c5-a3-m.php	5	list1/c5-a3-h.php	5			list2/c5-a3-b.php	2	list3/c5-a3-m.php	5	list1/c5-a3-h.php	5			
list2/c5-a3-b.php	1	list3/c5-a3-m.php	3	list1/c5-a3-h.php	5			list2/c5-a3-b.php	2	list3/c5-a3-m.php	3	list1/c5-a3-h.php	5			
list2/c5-a3-b.php	2	list3/c5-a3-m.php	4	list1/c5-a3-h.php	2			list2/c5-a3-b.php	3	list3/c5-a3-m.php	4	list1/c5-a3-h.php	2			
list2/c5-a3-b.php	3	list3/c5-a3-m.php	3	list1/c5-a3-h.php	5			list2/c5-a3-b.php	4	list3/c5-a3-m.php	3	list1/c5-a3-h.php	5			
list2/c5-a3-b.php	2	list3/c5-a3-m.php	4	list1/c5-a3-h.php	4			list2/c5-a3-b.php	2	list3/c5-a3-m.php	4	list1/c5-a3-h.php	4			
list2/c5-a3-b.php	5	list3/c5-a3-m.php	4	list1/c5-a3-h.php	3			list2/c5-a3-b.php	5	list3/c5-a3-m.php	3	list1/c5-a3-h.php	4			
list2/c5-a3-b.php	3	list3/c5-a3-m.php	5	list1/c5-a3-h.php	5			list2/c5-a3-b.php	4	list3/c5-a3-m.php	5	list1/c5-a3-h.php	5			
list2/c5-a3-b.php	2	list3/c5-a3-m.php	5	list1/c5-a3-h.php	5			list2/c5-a3-b.php	2	list3/c5-a3-m.php	5	list1/c5-a3-h.php	4			
list2/c5-a3-b.php	5	list3/c5-a3-m.php	5	list1/c5-a3-h.php	5			list2/c5-a3-b.php	5	list3/c5-a3-m.php	5	list1/c5-a3-h.php	5			
list3/c6-a1-b.php	4	list1/c6-a1-m.php	5	list2/c6-a1-h.php	4			list3/c6-a1-b.php	4	list1/c6-a1-m.php	5	list2/c6-a1-h.php	5			
list3/c6-a1-b.php	2	list1/c6-a1-m.php	3	list2/c6-a1-h.php	5			list3/c6-a1-b.php	4	list1/c6-a1-m.php	4	list2/c6-a1-h.php	5			
list3/c6-a1-b.php	1	list1/c6-a1-m.php	5	list2/c6-a1-h.php	4			list3/c6-a1-b.php	1	list1/c6-a1-m.php	5	list2/c6-a1-h.php	5			
list3/c6-a1-b.php	2	list1/c6-a1-m.php	2	list2/c6-a1-h.php	5			list3/c6-a1-b.php	1	list1/c6-a1-m.php	2	list2/c6-a1-h.php	5			
list3/c6-a1-b.php	2	list1/c6-a1-m.php	5	list2/c6-a1-h.php	5			list3/c6-a1-b.php	3	list1/c6-a1-m.php	5	list2/c6-a1-h.php	5			
list3/c6-a1-b.php	1	list1/c6-a1-m.php	4	list2/c6-a1-h.php	5			list3/c6-a1-b.php	1	list1/c6-a1-m.php	4	list2/c6-a1-h.php	5			
list3/c6-a1-b.php	1	list1/c6-a1-m.php	3	list2/c6-a1-h.php	5			list3/c6-a1-b.php	1	list1/c6-a1-m.php	4	list2/c6-a1-h.php	5			
list3/c6-a1-b.php	5	list1/c6-a1-m.php	4	list2/c6-a1-h.php	5			list3/c6-a1-b.php	5	list1/c6-a1-m.php	5	list2/c6-a1-h.php	5			
list3/c6-a1-b.php	5	list1/c6-a1-m.php	4	list2/c6-a1-h.php	5			list3/c6-a1-b.php	5	list1/c6-a1-m.php	4	list2/c6-a1-h.php	5			
list3/c6-a1-b.php	2	list1/c6-a1-m.php	5	list2/c6-a1-h.php	4			list3/c6-a1-b.php	3	list1/c6-a1-m.php	5	list2/c6-a1-h.php	4			
list3/c6-a2-b.php	4	list1/c6-a2-m.php	5	list2/c6-a2-h.php	5			list3/c6-a2-b.php	4	list1/c6-a2-m.php	4	list2/c6-a2-h.php	5			
list3/c6-a2-b.php	2	list1/c6-a2-m.php	3	list2/c6-a2-h.php	5			list3/c6-a2-b.php	3	list1/c6-a2-m.php	4	list2/c6-a2-h.php	5			
list3/c6-a2-b.php	1	list1/c6-a2-m.php	4	list2/c6-a2-h.php	5			list3/c6-a2-b.php	1	list1/c6-a2-m.php	4	list2/c6-a2-h.php	5			
list3/c6-a2-b.php	2	list1/c6-a2-m.php	3	list2/c6-a2-h.php	4			list3/c6-a2-b.php	1	list1/c6-a2-m.php	3	list2/c6-a2-h.php	3			
list3/c6-a2-b.php	4	list1/c6-a2-m.php	4	list2/c6-a2-h.php	5			list3/c6-a2-b.php	2	list1/c6-a2-m.php	5	list2/c6-a2-h.php	5			
list3/c6-a2-b.php	1	list1/c6-a2-m.php	3	list2/c6-a2-h.php	5			list3/c6-a2-b.php	1	list1/c6-a2-m.php	3	list2/c6-a2-h.php	5			
list3/c6-a2-b.php	1	list1/c6-a2-m.php	3	list2/c6-a2-h.php	5			list3/c6-a2-b.php	1	list1/c6-a2-m.php	3	list2/c6-a2-h.php	5			
list3/c6-a2-b.php	4	list1/c6-a2-m.php	4	list2/c6-a2-h.php	3			list3/c6-a2-b.php	4	list1/c6-a2-m.php	5	list2/c6-a2-h.php	5			
list3/c6-a2-b.php	4	list1/c6-a2-m.php	5	list2/c6-a2-h.php	5			list3/c6-a2-b.php	4	list1/c6-a2-m.php	5	list2/c6-a2-h.php	5			
list3/c6-a2-b.php	2	list1/c6-a2-m.php	5	list2/c6-a2-h.php	5			list3/c6-a2-b.php	2	list1/c6-a2-m.php	5	list2/c6-a2-h.php	5			
list3/c6-a3-b.php	4	list1/c6-a3-m.php	3	list2/c6-a3-h.php	5			list3/c6-a3-b.php	4	list1/c6-a3-m.php	2	list2/c6-a3-h.php	5			
list3/c6-a3-b.php	2	list1/c6-a3-m.php	4	list2/c6-a3-h.php	5			list3/c6-a3-b.php	3	list1/c6-a3-m.php	4	list2/c6-a3-h.php	5			
list3/c6-a3-b.php	1	list1/c6-a3-m.php	4	list2/c6-a3-h.php	5			list3/c6-a3-b.php	2	list1/c6-a3-m.php	4	list2/c6-a3-h.php	5			
list3/c6-a3-b.php	2	list1/c6-a3-m.php	4	list2/c6-a3-h.php	5			list3/c6-a3-b.php	1	list1/c6-a3-m.php	4	list2/c6-a3-h.php	5			
list3/c6-a3-b.php	2	list1/c6-a3-m.php	5	list2/c6-a3-h.php	5			list3/c6-a3-b.php	1	list1/c6-a3-m.php	5	list2/c6-a3-h.php	5			
list3/c6-a3-b.php	1	list1/c6-a3-m.php	4	list2/c6-a3-h.php	3			list3/c6-a3-b.php	1	list1/c6-a3-m.php	4	list2/c6-a3-h.php	3			
list3/c6-a3-b.php	1	list1/c6-a3-m.php	3	list2/c6-a3-h.php	5			list3/c6-a3-b.php	1	list1/c6-a3-m.php	3	list2/c6-a3-h.php	5			
list3/c6-a3-b.php	4	list1/c6-a3-m.php	5	list2/c6-a3-h.php	5			list3/c6-a3-b.php	4	list1/c6-a3-m.php	5	list2/c6-a3-h.php	5			
list3/c6-a3-b.php	5	list1/c6-a3-m.php	5	list2/c6-a3-h.php	5			list3/c6-a3-b.php	5	list1/c6-a3-m.php	5	list2/c6-a3-h.php	5			
list3/c6-a3-b.php	2	list1/c6-a3-m.php	5	list2/c6-a3-h.php	5			list3/c6-a3-b.php	2	list1/c6-a3-m.php	5	list2/c6-a3-h.php	5			
																
																
																
FLUENCY									CLARITY							
baseline	model		model	human	diff	baseline	human		baseline	model		model	human		baseline	human
3	3		3	5	-2	3	5		2	4		4	5		2	5
2	4		4	5	-1	2	5		4	5		5	5		4	5
2	3		3	4	-1	2	4		3	3		3	5		3	5
2	4		4	5	-1	2	5		2	5		5	5		2	5
3	4		4	5	-1	3	5		3	4		4	4		3	4
2	3		3	5	-2	2	5		3	3		3	5		3	5
3	5		5	5	0	3	5		2	5		5	5		2	5
3	5		5	5	0	3	5		1	5		5	5		1	5
2	4		4	5	-1	2	5		3	4		4	4		3	4
2	4		4	5	-1	2	5		2	4		4	3		2	3
2	4		4	5	-1	2	5		4	4		4	5		4	5
2	3		3	4	-1	2	4		2	3		3	2		2	2
1	3		3	5	-2	1	5		2	3		3	5		2	5
2	4		4	5	-1	2	5		2	4		4	4		2	4
2	3		3	5	-2	2	5		2	3		3	5		2	5
1	5		5	5	0	1	5		1	5		5	5		1	5
2	4		4	5	-1	2	5		2	4		4	2		2	2
1	5		5	5	0	1	5		1	4		4	5		1	5
3	4		4	5	-1	3	5		3	4		4	5		3	5
2	4		4	5	-1	2	5		2	5		5	5		2	5
3	5		5	5	0	3	5		3	5		5	5		3	5
2	5		5	5	0	2	5		3	5		5	5		3	5
1	3		3	5	-2	1	5		1	3		3	5		1	5
2	4		4	5	-1	2	5		3	4		4	4		3	4
1	5		5	5	0	1	5		2	5		5	4		2	4
2	5		5	5	0	2	5		2	5		5	4		2	4
2	5		5	5	0	2	5		2	5		5	4		2	4
1	5		5	5	0	1	5		1	5		5	5		1	5
2	4		4	4	0	2	4		1	4		4	4		1	4
3	5		5	5	0	3	5		4	5		5	5		4	5
1	5		5	5	0	1	5		3	5		5	5		3	5
2	4		4	5	-1	2	5		2	4		4	5		2	5
1	4		4	5	-1	1	5		3	4		4	5		3	5
2	4		4	5	-1	2	5		4	4		4	5		4	5
3	4		4	5	-1	3	5		4	5		5	5		4	5
3	5		5	5	0	3	5		3	5		5	5		3	5
4	5		5	4	1	4	4		4	5		5	4		4	4
4	5		5	5	0	4	5		4	5		5	5		4	5
2	4		4	3	1	2	3		2	4		4	3		2	3
4	5		5	5	0	4	5		4	5		5	5		4	5
1	4		4	5	-1	1	5		3	4		4	5		3	5
2	5		5	4	1	2	4		2	5		5	4		2	4
1	5		5	5	0	1	5		2	5		5	5		2	5
2	4		4	4	0	2	4		3	4		4	4		3	4
3	4		4	5	-1	3	5		4	5		5	5		4	5
2	4		4	5	-1	2	5		2	5		5	5		2	5
4	4		4	4	0	4	4		4	5		5	4		4	4
4	5		5	1	4	4	1		4	5		5	3		4	3
3	5		5	4	1	3	4		3	5		5	4		3	4
5	5		5	5	0	5	5		5	4		4	5		5	5
1	5		5	5	0	1	5		2	5		5	5		2	5
2	5		5	4	1	2	4		2	5		5	5		2	5
2	5		5	5	0	2	5		2	5		5	4		2	4
3	5		5	5	0	3	5		4	5		5	5		4	5
2	5		5	5	0	2	5		1	5		5	5		1	5
2	5		5	4	1	2	4		1	5		5	4		1	4
3	5		5	4	1	3	4		3	5		5	4		3	4
3	5		5	2	3	3	2		3	5		5	4		3	4
2	5		5	3	2	2	3		2	5		5	3		2	3
4	5		5	5	0	4	5		4	5		5	5		4	5
4	3		3	4	-1	4	4		4	4		4	5		4	5
2	4		4	4	0	2	4		4	4		4	5		4	5
1	4		4	5	-1	1	5		1	5		5	5		1	5
2	5		5	5	0	2	5		2	2		2	5		2	5
3	4		4	5	-1	3	5		3	4		4	5		3	5
2	3		3	5	-2	2	5		2	4		4	5		2	5
1	3		3	5	-2	1	5		1	5		5	5		1	5
4	5		5	5	0	4	5		4	5		5	5		4	5
5	5		5	5	0	5	5		5	5		5	5		5	5
2	4		4	4	0	2	4		3	4		4	4		3	4
4	5		5	5	0	4	5		4	5		5	5		4	5
4	4		4	5	-1	4	5		4	3		3	5		4	5
2	3		3	5	-2	2	5		2	3		3	5		2	5
2	2		2	5	-3	2	5		2	2		2	5		2	5
3	4		4	5	-1	3	5		3	4		4	5		3	5
2	4		4	5	-1	2	5		1	3		3	5		1	5
1	4		4	5	-1	1	5		1	3		3	5		1	5
4	2		2	5	-3	4	5		4	5		5	5		4	5
4	5		5	5	0	4	5		4	5		5	5		4	5
2	4		4	4	0	2	4		2	4		4	4		2	4
3	3		3	5	-2	3	5		3	4		4	5		3	5
2	4		4	5	-1	2	5		4	4		4	5		4	5
2	4		4	5	-1	2	5		2	5		5	5		2	5
2	4		4	4	0	2	4		2	4		4	5		2	5
2	4		4	5	-1	2	5		3	4		4	5		3	5
2	4		4	5	-1	2	5		2	4		4	5		2	5
1	4		4	5	-1	1	5		1	4		4	5		1	5
2	4		4	5	-1	2	5		5	3		3	5		5	5
4	5		5	5	0	4	5		4	4		4	5		4	5
5	4		4	4	0	5	4		2	4		4	4		2	4
3	3		3	5	-2	3	5		3	4		4	5		3	5
2	4		4	5	-1	2	5		1	5		5	5		1	5
1	3		3	4	-1	1	4		1	3		3	4		1	4
2	2		2	3	-1	2	3		2	3		3	4		2	4
2	3		3	5	-2	2	5		2	4		4	5		2	5
2	5		5	5	0	2	5		2	5		5	5		2	5
3	5		5	5	0	3	5		2	5		5	5		2	5
2	3		3	5	-2	2	5		2	4		4	5		2	5
2	3		3	4	-1	2	4		5	3		3	5		5	5
1	4		4	4	0	1	4		1	4		4	5		1	5
3	4		4	5	-1	3	5		4	4		4	5		4	5
3	2		2	4	-2	3	4		3	2		2	4		3	4
1	2		2	5	-3	1	5		1	2		2	5		1	5
1	3		3	3	0	1	3		1	4		4	4		1	4
2	3		3	4	-1	2	4		1	3		3	4		1	4
2	4		4	3	1	2	3		2	4		4	3		2	3
2	5		5	5	0	2	5		3	5		5	5		3	5
1	4		4	5	-1	1	5		3	4		4	5		3	5
3	3		3	5	-2	3	5		3	3		3	5		3	5
2	4		4	5	-1	2	5		1	4		4	5		1	5
2	3		3	5	-2	2	5		3	4		4	5		3	5
1	4		4	5	-1	1	5		2	5		5	5		2	5
1	3		3	5	-2	1	5		1	3		3	5		1	5
2	3		3	4	-1	2	4		4	3		3	4		4	4
2	4		4	4	0	2	4		2	5		5	5		2	5
2	5		5	5	0	2	5		2	5		5	5		2	5
2	4		4	5	-1	2	5		2	5		5	5		2	5
2	3		3	5	-2	2	5		2	4		4	5		2	5
3	3		3	5	-2	3	5		3	3		3	5		3	5
1	5		5	5	0	1	5		2	5		5	5		2	5
1	5		5	4	1	1	4		1	5		5	5		1	5
1	4		4	5	-1	1	5		1	5		5	5		1	5
1	4		4	5	-1	1	5		2	5		5	5		2	5
2	2		2	3	-1	2	3		3	2		2	3		3	3
3	3		3	5	-2	3	5		4	4		4	5		4	5
1	4		4	5	-1	1	5		1	4		4	5		1	5
5	4		4	3	1	5	3		5	5		5	3		5	3
3	5		5	3	2	3	3		4	5		5	5		4	5
2	5		5	3	2	2	3		2	5		5	3		2	3
4	5		5	5	0	4	5		4	5		5	5		4	5
1	4		4	5	-1	1	5		2	4		4	5		2	5
2	4		4	5	-1	2	5		2	4		4	5		2	5
1	4		4	5	-1	1	5		2	4		4	5		2	5
3	4		4	3	1	3	3		3	4		4	2		3	2
3	5		5	5	0	3	5		2	5		5	4		2	4
1	4		4	4	0	1	4		1	4		4	4		1	4
3	5		5	3	2	3	3		3	5		5	3		3	3
2	5		5	2	3	2	2		3	5		5	2		3	2
2	5		5	4	1	2	4		2	5		5	4		2	4
4	5		5	3	2	4	3		4	5		5	3		4	3
1	3		3	5	-2	1	5		1	4		4	5		1	5
2	5		5	5	0	2	5		2	5		5	5		2	5
1	3		3	5	-2	1	5		2	3		3	5		2	5
2	4		4	2	2	2	2		3	4		4	2		3	2
3	3		3	5	-2	3	5		4	3		3	5		4	5
2	4		4	4	0	2	4		2	4		4	4		2	4
5	4		4	3	1	5	3		5	3		3	4		5	4
3	5		5	5	0	3	5		4	5		5	5		4	5
2	5		5	5	0	2	5		2	5		5	4		2	4
5	5		5	5	0	5	5		5	5		5	5		5	5
4	5		5	4	1	4	4		4	5		5	5		4	5
2	3		3	5	-2	2	5		4	4		4	5		4	5
1	5		5	4	1	1	4		1	5		5	5		1	5
2	2		2	5	-3	2	5		1	2		2	5		1	5
2	5		5	5	0	2	5		3	5		5	5		3	5
1	4		4	5	-1	1	5		1	4		4	5		1	5
1	3		3	5	-2	1	5		1	4		4	5		1	5
5	4		4	5	-1	5	5		5	5		5	5		5	5
5	4		4	5	-1	5	5		5	4		4	5		5	5
2	5		5	4	1	2	4		3	5		5	4		3	4
4	5		5	5	0	4	5		4	4		4	5		4	5
2	3		3	5	-2	2	5		3	4		4	5		3	5
1	4		4	5	-1	1	5		1	4		4	5		1	5
2	3		3	4	-1	2	4		1	3		3	3		1	3
4	4		4	5	-1	4	5		2	5		5	5		2	5
1	3		3	5	-2	1	5		1	3		3	5		1	5
1	3		3	5	-2	1	5		1	3		3	5		1	5
4	4		4	3	1	4	3		4	5		5	5		4	5
4	5		5	5	0	4	5		4	5		5	5		4	5
2	5		5	5	0	2	5		2	5		5	5		2	5
4	3		3	5	-2	4	5		4	2		2	5		4	5
2	4		4	5	-1	2	5		3	4		4	5		3	5
1	4		4	5	-1	1	5		2	4		4	5		2	5
2	4		4	5	-1	2	5		1	4		4	5		1	5
2	5		5	5	0	2	5		1	5		5	5		1	5
1	4		4	3	1	1	3		1	4		4	3		1	3
1	3		3	5	-2	1	5		1	3		3	5		1	5
4	5		5	5	0	4	5		4	5		5	5		4	5
5	5		5	5	0	5	5		5	5		5	5		5	5
2	5		5	5	0	2	5		2	5		5	5		2	5
			N_r	120												
			1	78	39.5											
Result Details			2	35	96	Result Details			Result Details			Result Details			Result Details	
			3	6	116.5											
W-value: 275.5			4	1	120	W-value: 264			W-value: 525			W-value: 1617.5			W-value: 234.5	
Mean Difference: -1.86			W	-3980		Mean Difference: -2.91			Mean Difference: -2.75			Mean Difference: -1.29			Mean Difference: -2.65	
Sum of pos. ranks: 275.5			sigma W	763.6884181		Sum of pos. ranks: 264			Sum of pos. ranks: 525			Sum of pos. ranks: 1617.5			Sum of pos. ranks: 234.5	
Sum of neg. ranks: 12765.5			z	5.211549508		Sum of neg. ranks: 13431			Sum of neg. ranks: 12195			Sum of neg. ranks: 4160.5			Sum of neg. ranks: 13460.5	
																
Z-value: -10.5406			Z-value: -5.2115			Z-value: -10.7116			Z-value: -10.0344			Z-value: -3.9518			Z-value: -10.7596	
Mean (W): 6520.5			Mean (W): 3630			Mean (W): 6847.5			Mean (W): 6360			Mean (W): 2889			Mean (W): 6847.5	
Standard Deviation (W): 592.47			Standard Deviation (W): 381.84			Standard Deviation (W): 614.62			Standard Deviation (W): 581.5			Standard Deviation (W): 321.75			Standard Deviation (W): 614.62	
																
Sample Size (N): 161			Sample Size (N): 120			Sample Size (N): 165			Sample Size (N): 159			Sample Size (N): 107			Sample Size (N): 165	
																
The Z-value is -10.5406.			The Z-value is -5.2115. 			The Z-value is -10.7116.			The Z-value is -10.0344. 			The Z-value is -3.9518. 			The Z-value is -10.7596.	
The p-value is 0.			The p-value is 0. 			The p-value is 0.			The p-value is 0. 			The p-value is 0.			The p-value is 0.	
The result is significant at p≤ 0.01.			The result is significant at p≤ 0.01.			The result is significant at p≤ 0.01.			The result is significant at p≤ 0.01.			The result is significant at p≤ 0.01.			The result is significant at p≤ 0.01.	