participant_id	context_id	url	list_id	fluency	clarity
1	1	list1/c1-a1-b.php	1	4	4
10	1	list1/c1-a1-b.php	1	3	4
13	1	list1/c1-a1-b.php	1	2	3
16	1	list1/c1-a1-b.php	1	2	2
19	1	list1/c1-a1-b.php	1	2	3
22	1	list1/c1-a1-b.php	1	3	3
25	1	list1/c1-a1-b.php	1	2	2
28	1	list1/c1-a1-b.php	1	3	1
31	1	list1/c1-a1-b.php	1	3	3
4	1	list1/c1-a1-b.php	1	2	2
7	1	list1/c1-a1-b.php	1	2	4
1	8	list1/c1-a2-b.php	1	2	4
10	8	list1/c1-a2-b.php	1	2	2
13	8	list1/c1-a2-b.php	1	1	2
16	8	list1/c1-a2-b.php	1	2	2
19	8	list1/c1-a2-b.php	1	2	2
22	8	list1/c1-a2-b.php	1	1	1
25	8	list1/c1-a2-b.php	1	3	2
28	8	list1/c1-a2-b.php	1	1	1
31	8	list1/c1-a2-b.php	1	3	3
4	8	list1/c1-a2-b.php	1	2	2
7	8	list1/c1-a2-b.php	1	2	4
1	15	list1/c1-a3-b.php	1	3	3
10	15	list1/c1-a3-b.php	1	2	3
13	15	list1/c1-a3-b.php	1	1	1
16	15	list1/c1-a3-b.php	1	2	3
19	15	list1/c1-a3-b.php	1	1	2
22	15	list1/c1-a3-b.php	1	2	2
25	15	list1/c1-a3-b.php	1	2	2
28	15	list1/c1-a3-b.php	1	1	1
31	15	list1/c1-a3-b.php	1	5	5
4	15	list1/c1-a3-b.php	1	2	1
7	15	list1/c1-a3-b.php	1	3	4
1	10	list1/c4-a1-b.php	1	3	3
10	10	list1/c4-a1-b.php	1	2	1
13	10	list1/c4-a1-b.php	1	1	1
16	10	list1/c4-a1-b.php	1	2	2
19	10	list1/c4-a1-b.php	1	2	2
22	10	list1/c4-a1-b.php	1	2	2
25	10	list1/c4-a1-b.php	1	3	2
28	10	list1/c4-a1-b.php	1	2	2
31	10	list1/c4-a1-b.php	1	3	5
4	10	list1/c4-a1-b.php	1	1	1
7	10	list1/c4-a1-b.php	1	2	4
1	5	list1/c4-a2-b.php	1	3	4
10	5	list1/c4-a2-b.php	1	3	3
13	5	list1/c4-a2-b.php	1	1	1
16	5	list1/c4-a2-b.php	1	1	1
19	5	list1/c4-a2-b.php	1	2	1
22	5	list1/c4-a2-b.php	1	2	2
25	5	list1/c4-a2-b.php	1	3	3
28	5	list1/c4-a2-b.php	1	1	3
31	5	list1/c4-a2-b.php	1	3	3
4	5	list1/c4-a2-b.php	1	2	1
7	5	list1/c4-a2-b.php	1	2	4
1	18	list1/c4-a3-b.php	1	2	3
10	18	list1/c4-a3-b.php	1	1	2
13	18	list1/c4-a3-b.php	1	1	1
16	18	list1/c4-a3-b.php	1	3	4
19	18	list1/c4-a3-b.php	1	2	2
22	18	list1/c4-a3-b.php	1	2	2
25	18	list1/c4-a3-b.php	1	2	2
28	18	list1/c4-a3-b.php	1	2	2
31	18	list1/c4-a3-b.php	1	3	3
4	18	list1/c4-a3-b.php	1	1	2
7	18	list1/c4-a3-b.php	1	2	4
11	25	list2/c2-a1-b.php	2	1	3
14	25	list2/c2-a1-b.php	2	2	2
17	25	list2/c2-a1-b.php	2	1	3
2	25	list2/c2-a1-b.php	2	2	4
20	25	list2/c2-a1-b.php	2	3	4
26	25	list2/c2-a1-b.php	2	3	3
29	25	list2/c2-a1-b.php	2	4	4
34	25	list2/c2-a1-b.php	2	4	4
5	25	list2/c2-a1-b.php	2	2	2
8	25	list2/c2-a1-b.php	2	4	4
11	32	list2/c2-a2-b.php	2	1	3
14	32	list2/c2-a2-b.php	2	2	2
17	32	list2/c2-a2-b.php	2	1	2
2	32	list2/c2-a2-b.php	2	2	3
20	32	list2/c2-a2-b.php	2	3	4
26	32	list2/c2-a2-b.php	2	2	2
29	32	list2/c2-a2-b.php	2	4	4
34	32	list2/c2-a2-b.php	2	4	4
5	32	list2/c2-a2-b.php	2	3	3
8	32	list2/c2-a2-b.php	2	5	5
11	21	list2/c2-a3-b.php	2	1	2
14	21	list2/c2-a3-b.php	2	2	2
17	21	list2/c2-a3-b.php	2	2	2
2	21	list2/c2-a3-b.php	2	3	4
20	21	list2/c2-a3-b.php	2	2	1
26	21	list2/c2-a3-b.php	2	2	1
29	21	list2/c2-a3-b.php	2	3	3
34	21	list2/c2-a3-b.php	2	3	3
5	21	list2/c2-a3-b.php	2	2	2
8	21	list2/c2-a3-b.php	2	4	4
11	34	list2/c5-a1-b.php	2	1	1
14	34	list2/c5-a1-b.php	2	1	1
17	34	list2/c5-a1-b.php	2	1	2
2	34	list2/c5-a1-b.php	2	2	3
20	34	list2/c5-a1-b.php	2	3	4
26	34	list2/c5-a1-b.php	2	1	1
29	34	list2/c5-a1-b.php	2	5	5
34	34	list2/c5-a1-b.php	2	3	4
5	34	list2/c5-a1-b.php	2	2	2
8	34	list2/c5-a1-b.php	2	4	4
11	23	list2/c5-a2-b.php	2	1	2
14	23	list2/c5-a2-b.php	2	2	2
17	23	list2/c5-a2-b.php	2	1	2
2	23	list2/c5-a2-b.php	2	3	3
20	23	list2/c5-a2-b.php	2	3	2
26	23	list2/c5-a2-b.php	2	1	1
29	23	list2/c5-a2-b.php	2	3	3
34	23	list2/c5-a2-b.php	2	2	3
5	23	list2/c5-a2-b.php	2	2	2
8	23	list2/c5-a2-b.php	2	4	4
11	30	list2/c5-a3-b.php	2	1	1
14	30	list2/c5-a3-b.php	2	2	2
17	30	list2/c5-a3-b.php	2	1	2
2	30	list2/c5-a3-b.php	2	2	3
20	30	list2/c5-a3-b.php	2	3	4
26	30	list2/c5-a3-b.php	2	2	2
29	30	list2/c5-a3-b.php	2	5	5
34	30	list2/c5-a3-b.php	2	3	4
5	30	list2/c5-a3-b.php	2	2	2
8	30	list2/c5-a3-b.php	2	5	5
12	49	list3/c3-a1-b.php	3	4	4
15	49	list3/c3-a1-b.php	3	2	4
18	49	list3/c3-a1-b.php	3	1	1
21	49	list3/c3-a1-b.php	3	2	2
24	49	list3/c3-a1-b.php	3	3	3
27	49	list3/c3-a1-b.php	3	2	2
3	49	list3/c3-a1-b.php	3	1	1
30	49	list3/c3-a1-b.php	3	4	4
33	49	list3/c3-a1-b.php	3	5	5
6	49	list3/c3-a1-b.php	3	5	5
9	49	list3/c3-a1-b.php	3	2	3
12	38	list3/c3-a2-b.php	3	4	4
15	38	list3/c3-a2-b.php	3	4	4
18	38	list3/c3-a2-b.php	3	2	2
21	38	list3/c3-a2-b.php	3	2	2
24	38	list3/c3-a2-b.php	3	3	3
27	38	list3/c3-a2-b.php	3	2	1
3	38	list3/c3-a2-b.php	3	1	1
30	38	list3/c3-a2-b.php	3	4	4
33	38	list3/c3-a2-b.php	3	4	4
6	38	list3/c3-a2-b.php	3	4	4
9	38	list3/c3-a2-b.php	3	2	2
12	45	list3/c3-a3-b.php	3	3	3
15	45	list3/c3-a3-b.php	3	2	4
18	45	list3/c3-a3-b.php	3	2	2
21	45	list3/c3-a3-b.php	3	2	2
24	45	list3/c3-a3-b.php	3	2	3
27	45	list3/c3-a3-b.php	3	2	2
3	45	list3/c3-a3-b.php	3	1	1
30	45	list3/c3-a3-b.php	3	5	5
33	45	list3/c3-a3-b.php	3	4	4
6	45	list3/c3-a3-b.php	3	5	5
9	45	list3/c3-a3-b.php	3	2	2
12	52	list3/c6-a1-b.php	3	4	4
15	52	list3/c6-a1-b.php	3	2	4
18	52	list3/c6-a1-b.php	3	1	1
21	52	list3/c6-a1-b.php	3	2	1
24	52	list3/c6-a1-b.php	3	2	3
27	52	list3/c6-a1-b.php	3	1	1
3	52	list3/c6-a1-b.php	3	1	1
30	52	list3/c6-a1-b.php	3	5	5
33	52	list3/c6-a1-b.php	3	5	5
6	52	list3/c6-a1-b.php	3	5	5
9	52	list3/c6-a1-b.php	3	2	3
12	41	list3/c6-a2-b.php	3	4	4
15	41	list3/c6-a2-b.php	3	2	3
18	41	list3/c6-a2-b.php	3	1	1
21	41	list3/c6-a2-b.php	3	2	1
24	41	list3/c6-a2-b.php	3	4	2
27	41	list3/c6-a2-b.php	3	1	1
3	41	list3/c6-a2-b.php	3	1	1
30	41	list3/c6-a2-b.php	3	4	4
33	41	list3/c6-a2-b.php	3	4	4
6	41	list3/c6-a2-b.php	3	4	4
9	41	list3/c6-a2-b.php	3	2	2
12	48	list3/c6-a3-b.php	3	4	4
15	48	list3/c6-a3-b.php	3	2	3
18	48	list3/c6-a3-b.php	3	1	2
21	48	list3/c6-a3-b.php	3	2	1
24	48	list3/c6-a3-b.php	3	2	1
27	48	list3/c6-a3-b.php	3	1	1
3	48	list3/c6-a3-b.php	3	1	1
30	48	list3/c6-a3-b.php	3	4	4
33	48	list3/c6-a3-b.php	3	5	5
6	48	list3/c6-a3-b.php	3	4	4
9	48	list3/c6-a3-b.php	3	2	2