participant_id	context_id	url	list_id	fluency	clarity
1	7	list1/c3-a1-m.php	1	3	4
10	7	list1/c3-a1-m.php	1	4	4
13	7	list1/c3-a1-m.php	1	4	5
16	7	list1/c3-a1-m.php	1	2	2
19	7	list1/c3-a1-m.php	1	4	4
22	7	list1/c3-a1-m.php	1	3	4
25	7	list1/c3-a1-m.php	1	3	3
28	7	list1/c3-a1-m.php	1	5	5
31	7	list1/c3-a1-m.php	1	5	5
4	7	list1/c3-a1-m.php	1	4	4
7	7	list1/c3-a1-m.php	1	5	5
1	14	list1/c3-a2-m.php	1	5	5
10	14	list1/c3-a2-m.php	1	4	3
13	14	list1/c3-a2-m.php	1	3	3
16	14	list1/c3-a2-m.php	1	2	2
19	14	list1/c3-a2-m.php	1	4	4
22	14	list1/c3-a2-m.php	1	3	3
25	14	list1/c3-a2-m.php	1	4	3
28	14	list1/c3-a2-m.php	1	2	2
31	14	list1/c3-a2-m.php	1	5	5
4	14	list1/c3-a2-m.php	1	4	4
7	14	list1/c3-a2-m.php	1	4	5
1	3	list1/c3-a3-m.php	1	3	4
10	3	list1/c3-a3-m.php	1	4	4
13	3	list1/c3-a3-m.php	1	4	5
16	3	list1/c3-a3-m.php	1	4	4
19	3	list1/c3-a3-m.php	1	4	4
22	3	list1/c3-a3-m.php	1	4	4
25	3	list1/c3-a3-m.php	1	4	4
28	3	list1/c3-a3-m.php	1	2	3
31	3	list1/c3-a3-m.php	1	5	5
4	3	list1/c3-a3-m.php	1	4	4
7	3	list1/c3-a3-m.php	1	4	4
1	16	list1/c6-a1-m.php	1	5	5
10	16	list1/c6-a1-m.php	1	3	4
13	16	list1/c6-a1-m.php	1	5	5
16	16	list1/c6-a1-m.php	1	2	2
19	16	list1/c6-a1-m.php	1	5	5
22	16	list1/c6-a1-m.php	1	4	4
25	16	list1/c6-a1-m.php	1	3	4
28	16	list1/c6-a1-m.php	1	4	5
31	16	list1/c6-a1-m.php	1	4	4
4	16	list1/c6-a1-m.php	1	4	4
7	16	list1/c6-a1-m.php	1	5	5
1	11	list1/c6-a2-m.php	1	5	4
10	11	list1/c6-a2-m.php	1	3	4
13	11	list1/c6-a2-m.php	1	4	4
16	11	list1/c6-a2-m.php	1	3	3
19	11	list1/c6-a2-m.php	1	4	5
22	11	list1/c6-a2-m.php	1	3	3
25	11	list1/c6-a2-m.php	1	3	3
28	11	list1/c6-a2-m.php	1	4	5
31	11	list1/c6-a2-m.php	1	5	5
4	11	list1/c6-a2-m.php	1	4	5
7	11	list1/c6-a2-m.php	1	5	5
1	6	list1/c6-a3-m.php	1	3	2
10	6	list1/c6-a3-m.php	1	4	4
13	6	list1/c6-a3-m.php	1	4	4
16	6	list1/c6-a3-m.php	1	4	4
19	6	list1/c6-a3-m.php	1	5	5
22	6	list1/c6-a3-m.php	1	4	4
25	6	list1/c6-a3-m.php	1	3	3
28	6	list1/c6-a3-m.php	1	5	5
31	6	list1/c6-a3-m.php	1	5	5
4	6	list1/c6-a3-m.php	1	4	4
7	6	list1/c6-a3-m.php	1	5	5
11	31	list2/c1-a1-m.php	2	3	4
14	31	list2/c1-a1-m.php	2	4	5
17	31	list2/c1-a1-m.php	2	3	3
2	31	list2/c1-a1-m.php	2	4	5
20	31	list2/c1-a1-m.php	2	4	4
26	31	list2/c1-a1-m.php	2	3	3
29	31	list2/c1-a1-m.php	2	5	5
34	31	list2/c1-a1-m.php	2	5	5
5	31	list2/c1-a1-m.php	2	4	4
8	31	list2/c1-a1-m.php	2	4	4
11	20	list2/c1-a2-m.php	2	4	4
14	20	list2/c1-a2-m.php	2	3	3
17	20	list2/c1-a2-m.php	2	3	3
2	20	list2/c1-a2-m.php	2	4	4
20	20	list2/c1-a2-m.php	2	3	3
26	20	list2/c1-a2-m.php	2	5	5
29	20	list2/c1-a2-m.php	2	4	4
34	20	list2/c1-a2-m.php	2	5	4
5	20	list2/c1-a2-m.php	2	4	4
8	20	list2/c1-a2-m.php	2	4	5
11	27	list2/c1-a3-m.php	2	5	5
14	27	list2/c1-a3-m.php	2	5	5
17	27	list2/c1-a3-m.php	2	3	3
2	27	list2/c1-a3-m.php	2	4	4
20	27	list2/c1-a3-m.php	2	5	5
26	27	list2/c1-a3-m.php	2	5	5
29	27	list2/c1-a3-m.php	2	5	5
34	27	list2/c1-a3-m.php	2	5	5
5	27	list2/c1-a3-m.php	2	4	4
8	27	list2/c1-a3-m.php	2	5	5
11	28	list2/c4-a1-m.php	2	3	4
14	28	list2/c4-a1-m.php	2	4	5
17	28	list2/c4-a1-m.php	2	3	3
2	28	list2/c4-a1-m.php	2	2	3
20	28	list2/c4-a1-m.php	2	3	4
26	28	list2/c4-a1-m.php	2	5	5
29	28	list2/c4-a1-m.php	2	5	5
34	28	list2/c4-a1-m.php	2	3	4
5	28	list2/c4-a1-m.php	2	3	3
8	28	list2/c4-a1-m.php	2	4	4
11	35	list2/c4-a2-m.php	2	4	4
14	35	list2/c4-a2-m.php	2	2	2
17	35	list2/c4-a2-m.php	2	2	2
2	35	list2/c4-a2-m.php	2	3	4
20	35	list2/c4-a2-m.php	2	3	3
26	35	list2/c4-a2-m.php	2	4	4
29	35	list2/c4-a2-m.php	2	5	5
34	35	list2/c4-a2-m.php	2	4	4
5	35	list2/c4-a2-m.php	2	3	3
8	35	list2/c4-a2-m.php	2	4	4
11	24	list2/c4-a3-m.php	2	3	4
14	24	list2/c4-a3-m.php	2	4	5
17	24	list2/c4-a3-m.php	2	3	3
2	24	list2/c4-a3-m.php	2	3	3
20	24	list2/c4-a3-m.php	2	4	5
26	24	list2/c4-a3-m.php	2	5	5
29	24	list2/c4-a3-m.php	2	4	5
34	24	list2/c4-a3-m.php	2	3	4
5	24	list2/c4-a3-m.php	2	3	3
8	24	list2/c4-a3-m.php	2	5	5
12	37	list3/c2-a1-m.php	3	5	5
15	37	list3/c2-a1-m.php	3	4	4
18	37	list3/c2-a1-m.php	3	4	4
21	37	list3/c2-a1-m.php	3	4	4
24	37	list3/c2-a1-m.php	3	4	5
27	37	list3/c2-a1-m.php	3	5	5
3	37	list3/c2-a1-m.php	3	5	5
30	37	list3/c2-a1-m.php	3	1	1
33	37	list3/c2-a1-m.php	3	4	4
6	37	list3/c2-a1-m.php	3	5	5
9	37	list3/c2-a1-m.php	3	5	5
12	44	list3/c2-a2-m.php	3	4	4
15	44	list3/c2-a2-m.php	3	5	5
18	44	list3/c2-a2-m.php	3	5	5
21	44	list3/c2-a2-m.php	3	3	2
24	44	list3/c2-a2-m.php	3	4	5
27	44	list3/c2-a2-m.php	3	4	5
3	44	list3/c2-a2-m.php	3	4	5
30	44	list3/c2-a2-m.php	3	5	5
33	44	list3/c2-a2-m.php	3	5	5
6	44	list3/c2-a2-m.php	3	5	4
9	44	list3/c2-a2-m.php	3	4	4
12	51	list3/c2-a3-m.php	3	5	5
15	51	list3/c2-a3-m.php	3	5	5
18	51	list3/c2-a3-m.php	3	5	5
21	51	list3/c2-a3-m.php	3	4	3
24	51	list3/c2-a3-m.php	3	5	5
27	51	list3/c2-a3-m.php	3	5	5
3	51	list3/c2-a3-m.php	3	5	5
30	51	list3/c2-a3-m.php	3	5	5
33	51	list3/c2-a3-m.php	3	5	5
6	51	list3/c2-a3-m.php	3	5	5
9	51	list3/c2-a3-m.php	3	5	5
12	46	list3/c5-a1-m.php	3	5	5
15	46	list3/c5-a1-m.php	3	4	5
18	46	list3/c5-a1-m.php	3	4	5
21	46	list3/c5-a1-m.php	3	2	2
24	46	list3/c5-a1-m.php	3	3	4
27	46	list3/c5-a1-m.php	3	2	2
3	46	list3/c5-a1-m.php	3	4	5
30	46	list3/c5-a1-m.php	3	5	5
33	46	list3/c5-a1-m.php	3	5	5
6	46	list3/c5-a1-m.php	3	5	5
9	46	list3/c5-a1-m.php	3	4	4
12	53	list3/c5-a2-m.php	3	4	4
15	53	list3/c5-a2-m.php	3	4	4
18	53	list3/c5-a2-m.php	3	4	4
21	53	list3/c5-a2-m.php	3	4	4
24	53	list3/c5-a2-m.php	3	4	3
27	53	list3/c5-a2-m.php	3	4	4
3	53	list3/c5-a2-m.php	3	5	5
30	53	list3/c5-a2-m.php	3	5	5
33	53	list3/c5-a2-m.php	3	5	5
6	53	list3/c5-a2-m.php	3	5	5
9	53	list3/c5-a2-m.php	3	5	5
12	42	list3/c5-a3-m.php	3	3	4
15	42	list3/c5-a3-m.php	3	5	5
18	42	list3/c5-a3-m.php	3	3	3
21	42	list3/c5-a3-m.php	3	2	1
24	42	list3/c5-a3-m.php	3	3	3
27	42	list3/c5-a3-m.php	3	4	4
3	42	list3/c5-a3-m.php	3	4	3
30	42	list3/c5-a3-m.php	3	5	5
33	42	list3/c5-a3-m.php	3	5	5
6	42	list3/c5-a3-m.php	3	5	5
9	42	list3/c5-a3-m.php	3	4	4